{
  "USD\u2192SGD": 1.285982,
  "SGD\u2192USD": 0.777616,
  "USD\u2192EUR": 0.873947,
  "EUR\u2192USD": 1.144234,
  "USD\u2192CNY": 7.178469,
  "CNY\u2192USD": 0.139305,
  "USD\u2192JPY": 143.450235,
  "JPY\u2192USD": 0.006971,
  "USD\u2192HKD": 7.846742,
  "HKD\u2192USD": 0.127441,
  "USD\u2192INR": 85.866208,
  "INR\u2192USD": 0.011646,
  "USD\u2192IDR": 16267.918784,
  "IDR\u2192USD": 6.1e-05,
  "USD\u2192THB": 32.566557,
  "THB\u2192USD": 0.030706,
  "USD\u2192VND": 26087.971043,
  "VND\u2192USD": 3.8e-05,
  "USD\u2192AUD": 1.536068,
  "AUD\u2192USD": 0.651013
}